rsid,pval_eqtl,chrom,pos,pval_gwas
rs870178,2.94245e-05,17,74815378,0.00940914
rs1474213,2.9846e-05,17,74817688,0.00269569
rs60220759,2.89633e-05,17,74818248,0.00328867
rs521002,7.64225e-07,17,74865305,0.00943909
rs2467577,7.64225e-07,17,74865852,0.00675974
rs2070919,7.64225e-07,17,74865869,0.00675958
rs516035,4.29622e-07,17,74866033,0.0264935
rs690514,7.64225e-07,17,74866471,0.00362953
rs509911,7.64225e-07,17,74866687,0.00358889
rs1688149,7.64225e-07,17,74866908,0.0034845
rs2460857,7.64225e-07,17,74867156,0.00349341
rs12600808,7.64225e-07,17,74867354,0.00350566
rs12602826,1.1872e-06,17,74867383,0.00396534
rs689649,7.64225e-07,17,74867861,0.0034157
rs2467576,7.64225e-07,17,74867961,0.00348851
rs563297,7.64225e-07,17,74868284,0.00351747
rs560323,7.64225e-07,17,74868645,0.00350461
rs690418,1.1691e-05,17,74869116,0.00438834
rs690174,7.64225e-07,17,74869347,0.00390292
rs690146,7.64225e-07,17,74869639,0.0038338
rs500145,6.06697e-07,17,74870585,0.0082882
rs72844509,1.25857e-06,17,74870602,0.00808035
rs499995,5.41031e-06,17,74870636,0.036302
rs33938422,6.45086e-07,17,74870962,0.00345279
rs492095,1.83181e-08,17,74872953,0.00283041
rs1393337976,1.93716e-05,17,74873708,0.00748152
rs541242,9.9302e-07,17,74874966,0.00741174
rs690124,9.9302e-07,17,74878123,0.00709055
rs689639,7.7083e-06,17,74880025,0.00326392
rs689658,1.77669e-05,17,74880309,0.00471205
